Player,Link,ID
Win Miller,<a href='https://www.youtube.com/playlist?list=PL0dUi_n3TCkgQCxT2pb_uoXAcyllsR5Y_' target='_blank'>Win Miller</a>,PL0dUi_n3TCkgQCxT2pb_uoXAcyllsR5Y_
Brody Peebles,<a href='https://www.youtube.com/playlist?list=PL0dUi_n3TCkioUM_3xxIGkcHQCNA6Qmmr' target='_blank'>Brody Peebles</a>,PL0dUi_n3TCkioUM_3xxIGkcHQCNA6Qmmr
Carter Whitt,<a href='https://www.youtube.com/playlist?list=PL0dUi_n3TCkhUB4xcJO7ykHxbvOAGSzWc' target='_blank'>Carter Whitt</a>,PL0dUi_n3TCkhUB4xcJO7ykHxbvOAGSzWc
Jonathan Pierre,<a href='https://www.youtube.com/playlist?list=PL0dUi_n3TCkhhoNNUeBNYdno8hcMmPxIr' target='_blank'>Jonathan Pierre</a>,PL0dUi_n3TCkhhoNNUeBNYdno8hcMmPxIr
Eoin Dillon,<a href='https://www.youtube.com/playlist?list=PL0dUi_n3TCkjmG13wx-cU7itzcKUZL3kK' target='_blank'>Eoin Dillon</a>,PL0dUi_n3TCkjmG13wx-cU7itzcKUZL3kK
Isaiah Walker,<a href='https://www.youtube.com/playlist?list=PL0dUi_n3TCkjWEoZJIV6KAzVL2GqoUX_f' target='_blank'>Isaiah Walker</a>,PL0dUi_n3TCkjWEoZJIV6KAzVL2GqoUX_f
Jabez Jenkins,<a href='https://www.youtube.com/playlist?list=PL0dUi_n3TCkiE2U2kxDiuwrI2fAZ3YEE8' target='_blank'>Jabez Jenkins</a>,PL0dUi_n3TCkiE2U2kxDiuwrI2fAZ3YEE8
Drew Scharnowski,<a href='https://www.youtube.com/playlist?list=PL0dUi_n3TCkhv3mDVmTT68rjHJXSm-Zh-' target='_blank'>Drew Scharnowski</a>,PL0dUi_n3TCkhv3mDVmTT68rjHJXSm-Zh-
Cooper Haynes,<a href='https://www.youtube.com/playlist?list=PL0dUi_n3TCkhb8U1ewHBy3Ca26N9LW9RM' target='_blank'>Cooper Haynes</a>,PL0dUi_n3TCkhb8U1ewHBy3Ca26N9LW9RM
Sam Orme,<a href='https://www.youtube.com/playlist?list=PL0dUi_n3TCkgbe9WwCjAFzfdl15ITU5XY' target='_blank'>Sam Orme</a>,PL0dUi_n3TCkgbe9WwCjAFzfdl15ITU5XY
Aidan Braccia,<a href='https://www.youtube.com/playlist?list=PL0dUi_n3TCkhI3Vtt0-IGarXVsyNwp1aY' target='_blank'>Aidan Braccia</a>,PL0dUi_n3TCkhI3Vtt0-IGarXVsyNwp1aY
Brigham Rogers,<a href='https://www.youtube.com/playlist?list=PL0dUi_n3TCkgucs16TERf6OeEZkf9ea6P' target='_blank'>Brigham Rogers</a>,PL0dUi_n3TCkgucs16TERf6OeEZkf9ea6P
Jake Dykstra,<a href='https://www.youtube.com/playlist?list=PL0dUi_n3TCki0lhtjRq9USVzgorcYO6js' target='_blank'>Jake Dykstra</a>,PL0dUi_n3TCki0lhtjRq9USVzgorcYO6js
Keith Robbins,<a href='https://www.youtube.com/playlist?list=PL0dUi_n3TCkh1WwqZH3aKcaOT_4My2UVA' target='_blank'>Keith Robbins</a>,PL0dUi_n3TCkh1WwqZH3aKcaOT_4My2UVA
Aidan Noyes,<a href='https://www.youtube.com/playlist?list=PL0dUi_n3TCkifxB0KuvnuDaHmemhvItmw' target='_blank'>Aidan Noyes</a>,PL0dUi_n3TCkifxB0KuvnuDaHmemhvItmw
Tyler Lundblade,<a href='https://www.youtube.com/playlist?list=PL0dUi_n3TCkgsNpje-yMuBq6PUVwHdice' target='_blank'>Tyler Lundblade</a>,PL0dUi_n3TCkgsNpje-yMuBq6PUVwHdice